,value_1,value_2,value_3,value_0
cholesterol,0.7482678571428572,0.1367142857142857,0.11501785714285714,0.0
gluc,0.8494464285714286,0.07442857142857143,0.076125,0.0
smoke,0.08783928571428572,0.0,0.0,0.9121607142857143
alco,0.053017857142857144,0.0,0.0,0.9469821428571429
active,0.8049464285714286,0.0,0.0,0.19505357142857144
